# iteration,run time [seconds],cost
100,25.94,30.231063928
200,51.31,27.639478788
300,76.60,26.769877130
400,102.03,26.333992009
500,127.43,26.072112925
600,152.74,25.897381623
700,178.07,25.772502332
800,203.48,25.678803888
900,228.90,25.605904211
1000,254.15,25.547569904
1100,279.44,25.499832201
1200,304.68,25.460044158
1300,330.01,25.426372647
1400,355.25,25.397507918
1500,380.46,25.372489256
1600,405.90,25.350595973
1700,431.08,25.331276856
1800,456.24,25.314103116
1900,481.45,25.298736187
2000,506.58,25.284905183
2100,531.66,25.272390790
2200,556.74,25.261013553
2300,581.85,25.250625211
2400,606.96,25.241102203
2500,632.02,25.232340732
2600,657.16,25.224252960
2700,682.24,25.216764061
2800,707.32,25.209809892
2900,732.46,25.203335156
3000,757.65,25.197291925
3100,782.86,25.191638455
3200,808.21,25.186338215
3300,833.55,25.181359105
3400,858.81,25.176672798
3500,883.77,25.172254204
3600,908.81,25.168081018
3700,934.06,25.164133349
3800,959.66,25.160393398
3900,984.76,25.156845190
4000,1009.72,25.153474348
4100,1035.08,25.150267897
4200,1060.31,25.147214098
4300,1085.40,25.144302303
4400,1110.48,25.141522832
4500,1135.64,25.138866866
4600,1160.76,25.136326352
4700,1186.00,25.133893921
4800,1211.27,25.131562821
4900,1236.43,25.129326848
5000,1261.60,25.127180296
5100,1287.04,25.125117907
5200,1312.44,25.123134824
5300,1337.82,25.121226561
5400,1363.23,25.119388961
5500,1388.62,25.117618171
5600,1413.90,25.115910612
5700,1439.17,25.114262957
5800,1464.60,25.112672108
5900,1490.09,25.111135177
6000,1515.53,25.109649468
6100,1540.76,25.108212463
6200,1565.93,25.106821806
6300,1591.18,25.105475289
6400,1616.34,25.104170845
6500,1641.55,25.102906531
6600,1666.80,25.101680524
6700,1692.00,25.100491108
6800,1717.23,25.099336671
6900,1742.51,25.098215690
7000,1767.77,25.097126733
7100,1793.00,25.096068446
7200,1818.25,25.095039552
7300,1843.44,25.094038843
7400,1868.69,25.093065177
7500,1893.96,25.092117472
7600,1919.32,25.091194703
7700,1944.58,25.090295898
7800,1969.77,25.089420138
7900,1994.93,25.088566545
8000,2020.13,25.087734290
8100,2045.29,25.086922582
8200,2070.46,25.086130669
8300,2095.52,25.085357835
8400,2120.66,25.084603401
8500,2145.82,25.083866716
8600,2170.81,25.083147161
8700,2195.75,25.082444146
8800,2220.73,25.081757106
8900,2245.68,25.081085504
9000,2270.58,25.080428825
9100,2295.71,25.079786576
9200,2320.77,25.079158288
9300,2345.82,25.078543510
9400,2370.69,25.077941811
9500,2395.57,25.077352779
9600,2420.48,25.076776016
9700,2445.37,25.076211144
9800,2470.31,25.075657799
9900,2495.22,25.075115632
10000,2520.13,25.074584306
10100,2545.00,25.074063501
10200,2569.90,25.073552907
10300,2595.00,25.073052227
10400,2620.22,25.072561174
10500,2645.34,25.072079473
10600,2670.42,25.071606860
10700,2695.53,25.071143081
10800,2720.59,25.070687889
10900,2745.64,25.070241048
11000,2770.65,25.069802331
11100,2795.74,25.069371518
11200,2820.75,25.068948398
11300,2845.65,25.068532766
11400,2870.50,25.068124424
11500,2895.42,25.067723184
11600,2920.58,25.067328862
11700,2945.94,25.066941279
11800,2971.16,25.066560265
11900,2996.33,25.066185653
12000,3021.57,25.065817285
12100,3046.72,25.065455005
12200,3071.85,25.065098664
12300,3097.04,25.064748116
12400,3122.12,25.064403222
12500,3147.18,25.064063846
12600,3172.33,25.063729856
12700,3197.42,25.063401126
12800,3222.48,25.063077531
12900,3247.64,25.062758953
13000,3272.77,25.062445276
13100,3297.90,25.062136388
13200,3322.98,25.061832179
13300,3348.08,25.061532545
13400,3373.17,25.061237382
13500,3398.26,25.060946592
13600,3423.37,25.060660078
13700,3448.52,25.060377746
13800,3473.69,25.060099506
13900,3498.87,25.059825268
14000,3524.00,25.059554949
14100,3549.11,25.059288463
14200,3574.25,25.059025730
14300,3599.30,25.058766672
14400,3624.45,25.058511211
14500,3649.56,25.058259274
14600,3674.65,25.058010788
14700,3699.68,25.057765682
14800,3724.68,25.057523888
14900,3749.67,25.057285340
15000,3774.66,25.057049972
15100,3799.74,25.056817722
15200,3824.81,25.056588527
15300,3849.86,25.056362327
15400,3874.98,25.056139066
15500,3900.02,25.055918685
15600,3925.11,25.055701129
15700,3950.18,25.055486344
15800,3975.23,25.055274278
15900,4000.26,25.055064880
16000,4025.33,25.054858098
16100,4050.36,25.054653885
16200,4075.40,25.054452194
16300,4100.50,25.054252976
16400,4125.70,25.054056189
16500,4150.85,25.053861786
16600,4176.02,25.053669725
16700,4201.10,25.053479965
16800,4226.17,25.053292463
16900,4251.18,25.053107180
17000,4276.24,25.052924077
17100,4301.33,25.052743115
17200,4326.42,25.052564257
17300,4351.47,25.052387467
17400,4376.47,25.052212709
17500,4401.52,25.052039948
17600,4426.60,25.051869150
17700,4451.66,25.051700282
17800,4476.75,25.051533311
17900,4501.82,25.051368205
18000,4526.94,25.051204934
18100,4552.03,25.051043467
18200,4577.14,25.050883775
18300,4602.35,25.050725827
18400,4627.54,25.050569596
18500,4652.72,25.050415054
18600,4677.99,25.050262174
18700,4703.21,25.050110929
18800,4728.43,25.049961293
18900,4753.65,25.049813240
19000,4778.86,25.049666745
19100,4804.12,25.049521784
19200,4829.32,25.049378333
19300,4854.44,25.049236369
19400,4879.45,25.049095868
19500,4904.35,25.048956808
19600,4929.26,25.048819167
19700,4954.23,25.048682924
19800,4979.04,25.048548056
19900,5003.89,25.048414544
20000,5028.76,25.048282367
20100,5053.56,25.048151505
20200,5078.34,25.048021938
20300,5103.20,25.047893648
20400,5128.01,25.047766616
20500,5152.89,25.047640823
20600,5177.83,25.047516251
20700,5202.76,25.047392883
20800,5227.65,25.047270701
20900,5252.66,25.047149688
21000,5277.51,25.047029828
21100,5302.32,25.046911103
21200,5326.98,25.046793499
21300,5351.89,25.046676999
21400,5376.93,25.046561587
21500,5401.83,25.046447250
21600,5426.59,25.046333970
21700,5451.35,25.046221735
21800,5476.10,25.046110529
21900,5500.67,25.046000339
22000,5525.44,25.045891151
22100,5550.22,25.045782951
22200,5575.07,25.045675725
22300,5599.90,25.045569461
22400,5624.71,25.045464146
22500,5649.46,25.045359767
22600,5674.09,25.045256311
22700,5698.77,25.045153767
22800,5723.49,25.045052123
22900,5748.13,25.044951366
23000,5772.84,25.044851485
23100,5797.60,25.044752469
23200,5822.47,25.044654307
23300,5847.19,25.044556987
23400,5871.88,25.044460499
23500,5896.60,25.044364832
23600,5921.35,25.044269975
23700,5946.12,25.044175919
23800,5970.86,25.044082654
23900,5995.60,25.043990169
24000,6020.29,25.043898454
24100,6044.97,25.043807501
24200,6069.67,25.043717300
24300,6094.34,25.043627840
24400,6118.99,25.043539114
24500,6143.66,25.043451112
24600,6168.38,25.043363826
24700,6193.02,25.043277246
24800,6217.55,25.043191365
24900,6242.09,25.043106173
25000,6266.60,25.043021663
25100,6291.11,25.042937827
25200,6315.75,25.042854655
25300,6340.38,25.042772141
25400,6364.93,25.042690277
25500,6389.45,25.042609055
25600,6413.96,25.042528467
25700,6438.61,25.042448506
25800,6463.24,25.042369166
25900,6487.84,25.042290437
26000,6512.33,25.042212315
26100,6536.81,25.042134791
26200,6561.28,25.042057859
26300,6585.77,25.041981512
26400,6610.25,25.041905743
26500,6634.74,25.041830546
26600,6659.24,25.041755914
26700,6683.73,25.041681842
26800,6708.19,25.041608322
26900,6732.67,25.041535349
27000,6757.11,25.041462916
27100,6781.58,25.041391018
27200,6806.25,25.041319648
27300,6830.90,25.041248802
27400,6855.51,25.041178472
27500,6880.09,25.041108654
27600,6904.54,25.041039342
27700,6928.95,25.040970530
27800,6953.29,25.040902213
27900,6977.70,25.040834386
28000,7002.12,25.040767044
28100,7026.43,25.040700181
28200,7050.82,25.040633792
28300,7075.19,25.040567872
28400,7099.56,25.040502416
28500,7123.93,25.040437420
28600,7148.38,25.040372878
28700,7172.72,25.040308786
28800,7197.07,25.040245138
28900,7221.52,25.040181932
29000,7245.89,25.040119161
29100,7270.22,25.040056822
29200,7294.64,25.039994909
29300,7319.07,25.039933420
29400,7343.44,25.039872348
29500,7367.85,25.039811691
29600,7392.28,25.039751443
29700,7416.85,25.039691601
29800,7441.47,25.039632161
29900,7466.18,25.039573118
30000,7490.93,25.039514469
30100,7515.79,25.039456210
30200,7540.57,25.039398336
30300,7565.38,25.039340844
30400,7590.29,25.039283731
30500,7615.17,25.039226992
30600,7639.98,25.039170624
30700,7664.74,25.039114623
30800,7689.54,25.039058986
30900,7714.35,25.039003709
31000,7739.18,25.038948788
31100,7763.94,25.038894221
31200,7788.76,25.038840003
31300,7813.53,25.038786132
31400,7838.37,25.038732604
31500,7863.14,25.038679416
31600,7887.84,25.038626564
31700,7912.59,25.038574046
31800,7937.36,25.038521859
31900,7962.08,25.038469998
32000,7986.79,25.038418461
32100,8011.51,25.038367246
32200,8036.30,25.038316349
32300,8061.09,25.038265766
32400,8085.87,25.038215497
32500,8110.60,25.038165536
32600,8135.33,25.038115882
32700,8160.08,25.038066531
32800,8184.83,25.038017482
32900,8209.59,25.037968730
33000,8234.37,25.037920275
33100,8259.13,25.037872111
33200,8283.86,25.037824238
33300,8308.60,25.037776653
33400,8333.37,25.037729352
33500,8358.12,25.037682334
33600,8382.86,25.037635596
33700,8407.63,25.037589135
33800,8432.38,25.037542949
33900,8457.14,25.037497035
34000,8481.86,25.037451392
34100,8506.57,25.037406016
34200,8531.26,25.037360906
34300,8555.98,25.037316058
34400,8580.71,25.037271472
34500,8605.40,25.037227143
34600,8630.06,25.037183071
34700,8654.72,25.037139253
34800,8679.41,25.037095687
34900,8704.10,25.037052371
35000,8728.92,25.037009302
35100,8753.72,25.036966478
35200,8778.51,25.036923898
35300,8803.30,25.036881559
35400,8828.05,25.036839459
35500,8852.79,25.036797597
35600,8877.58,25.036755969
35700,8902.34,25.036714575
35800,8927.01,25.036673412
35900,8951.74,25.036632478
36000,8976.41,25.036591772
36100,9001.06,25.036551291
36200,9025.73,25.036511034
36300,9050.41,25.036470998
36400,9075.13,25.036431183
36500,9099.84,25.036391586
36600,9124.66,25.036352205
36700,9149.44,25.036313039
36800,9174.26,25.036274085
36900,9199.10,25.036235343
37000,9223.93,25.036196810
37100,9248.61,25.036158485
37200,9273.39,25.036120366
37300,9298.07,25.036082451
37400,9322.81,25.036044739
37500,9347.49,25.036007228
37600,9372.18,25.035969917
37700,9396.88,25.035932804
37800,9421.52,25.035895887
37900,9446.19,25.035859164
38000,9470.88,25.035822635
38100,9495.57,25.035786298
38200,9520.23,25.035750151
38300,9544.90,25.035714193
38400,9569.57,25.035678422
38500,9594.28,25.035642837
38600,9619.11,25.035607436
38700,9643.83,25.035572218
38800,9668.70,25.035537182
38900,9693.46,25.035502326
39000,9718.15,25.035467649
39100,9742.86,25.035433149
39200,9767.58,25.035398825
39300,9792.41,25.035364675
39400,9817.25,25.035330699
39500,9842.15,25.035296895
39600,9867.03,25.035263262
39700,9891.89,25.035229798
39800,9916.83,25.035196503
39900,9941.61,25.035163374
40000,9966.39,25.035130411
40100,9991.15,25.035097612
40200,10015.93,25.035064976
40300,10040.72,25.035032503
40400,10065.54,25.035000190
40500,10090.38,25.034968037
40600,10115.19,25.034936042
40700,10139.93,25.034904204
40800,10164.76,25.034872523
40900,10189.53,25.034840996
41000,10214.27,25.034809623
41100,10238.98,25.034778403
41200,10263.67,25.034747334
41300,10288.35,25.034716416
41400,10313.06,25.034685647
41500,10337.75,25.034655027
41600,10362.43,25.034624553
41700,10387.17,25.034594226
41800,10411.84,25.034564044
41900,10436.50,25.034534006
42000,10461.19,25.034504111
42100,10485.93,25.034474358
42200,10510.70,25.034444746
42300,10535.42,25.034415274
42400,10560.13,25.034385941
42500,10584.83,25.034356746
42600,10609.50,25.034327688
42700,10634.23,25.034298766
42800,10658.90,25.034269979
42900,10683.60,25.034241327
43000,10708.30,25.034212808
43100,10732.99,25.034184421
43200,10757.68,25.034156166
43300,10782.36,25.034128041
43400,10806.75,25.034100045
43500,10831.21,25.034072179
43600,10855.74,25.034044440
43700,10880.43,25.034016828
43800,10905.19,25.033989342
43900,10930.02,25.033961982
44000,10954.76,25.033934746
44100,10979.49,25.033907633
44200,11004.24,25.033880643
44300,11028.97,25.033853775
44400,11053.44,25.033827028
44500,11078.21,25.033800401
44600,11103.03,25.033773894
44700,11127.79,25.033747505
44800,11152.55,25.033721234
44900,11177.36,25.033695080
45000,11202.16,25.033669042
45100,11226.93,25.033643119
45200,11251.70,25.033617312
45300,11276.46,25.033591618
45400,11301.26,25.033566037
45500,11326.02,25.033540569
45600,11350.67,25.033515213
45700,11375.36,25.033489967
45800,11400.15,25.033464832
45900,11424.89,25.033439807
46000,11449.67,25.033414890
46100,11474.43,25.033390081
46200,11499.21,25.033365380
46300,11524.00,25.033340785
46400,11548.76,25.033316296
46500,11573.42,25.033291913
46600,11598.11,25.033267634
46700,11622.79,25.033243459
46800,11647.44,25.033219388
46900,11672.07,25.033195419
47000,11696.75,25.033171553
47100,11721.38,25.033147787
47200,11746.14,25.033124122
47300,11770.95,25.033100558
47400,11795.74,25.033077092
47500,11820.52,25.033053726
47600,11845.29,25.033030458
47700,11870.06,25.033007287
47800,11894.86,25.032984213
47900,11919.64,25.032961236
48000,11944.39,25.032938354
48100,11969.16,25.032915568
48200,11993.93,25.032892876
48300,12018.66,25.032870278
48400,12043.43,25.032847773
48500,12068.14,25.032825361
48600,12092.93,25.032803041
48700,12117.77,25.032780813
48800,12142.57,25.032758677
48900,12167.34,25.032736630
49000,12192.15,25.032714674
49100,12216.96,25.032692807
49200,12241.77,25.032671029
49300,12266.53,25.032649339
49400,12291.40,25.032627737
49500,12316.21,25.032606223
49600,12341.10,25.032584795
49700,12365.84,25.032563453
49800,12390.55,25.032542197
49900,12415.33,25.032521027
50000,12440.10,25.032499941
50100,12464.85,25.032478939
50200,12489.57,25.032458021
50300,12514.30,25.032437186
50400,12539.04,25.032416433
50500,12563.83,25.032395763
50600,12588.62,25.032375175
50700,12613.42,25.032354667
50800,12638.19,25.032334241
50900,12662.97,25.032313895
51000,12687.76,25.032293628
51100,12712.47,25.032273441
51200,12737.25,25.032253333
51300,12762.08,25.032233303
51400,12786.92,25.032213351
51500,12811.66,25.032193476
51600,12836.45,25.032173679
51700,12861.24,25.032153958
51800,12886.03,25.032134313
51900,12910.77,25.032114744
52000,12935.58,25.032095251
52100,12960.39,25.032075832
52200,12985.19,25.032056487
52300,13009.99,25.032037217
52400,13034.75,25.032018020
52500,13059.53,25.031998896
52600,13084.26,25.031979845
52700,13109.00,25.031960866
52800,13133.76,25.031941959
52900,13158.54,25.031923123
53000,13183.32,25.031904359
53100,13208.16,25.031885665
53200,13233.09,25.031867042
53300,13257.88,25.031848488
53400,13282.64,25.031830004
53500,13307.43,25.031811589
53600,13332.16,25.031793243
53700,13356.91,25.031774965
53800,13381.64,25.031756755
53900,13406.24,25.031738612
54000,13430.88,25.031720537
54100,13455.71,25.031702529
54200,13480.56,25.031684587
54300,13505.39,25.031666711
54400,13530.28,25.031648901
54500,13555.20,25.031631156
54600,13580.08,25.031613476
54700,13604.93,25.031595861
54800,13629.82,25.031578310
54900,13654.63,25.031560823
55000,13679.39,25.031543400
55100,13704.11,25.031526039
55200,13728.69,25.031508742
55300,13753.43,25.031491508
55400,13778.14,25.031474335
55500,13802.81,25.031457224
55600,13827.50,25.031440175
55700,13852.22,25.031423188
55800,13876.96,25.031406261
55900,13901.66,25.031389394
56000,13926.36,25.031372588
56100,13951.16,25.031355842
56200,13975.90,25.031339155
56300,14000.52,25.031322528
56400,14025.10,25.031305960
56500,14049.69,25.031289450
56600,14074.33,25.031272999
56700,14098.98,25.031256605
56800,14123.55,25.031240270
56900,14148.19,25.031223991
57000,14172.63,25.031207770
57100,14197.03,25.031191606
57200,14221.49,25.031175498
57300,14245.99,25.031159447
57400,14270.53,25.031143451
57500,14295.13,25.031127511
57600,14319.67,25.031111626
57700,14344.18,25.031095797
57800,14368.69,25.031080022
57900,14393.24,25.031064302
58000,14417.81,25.031048636
58100,14442.24,25.031033023
58200,14466.65,25.031017465
58300,14491.14,25.031001960
58400,14515.63,25.030986508
58500,14540.01,25.030971108
58600,14564.43,25.030955762
58700,14588.81,25.030940467
58800,14613.20,25.030925225
58900,14637.64,25.030910034
59000,14662.26,25.030894895
59100,14686.83,25.030879807
59200,14711.43,25.030864770
59300,14736.05,25.030849784
59400,14760.55,25.030834848
59500,14785.03,25.030819963
59600,14809.53,25.030805127
59700,14833.94,25.030790341
59800,14858.36,25.030775605
59900,14882.78,25.030760918
60000,14907.14,25.030746279
60100,14931.60,25.030731690
60200,14956.12,25.030717149
60300,14980.64,25.030702656
60400,15005.11,25.030688211
60500,15029.58,25.030673814
60600,15054.05,25.030659464
60700,15078.48,25.030645162
60800,15102.90,25.030630906
60900,15127.27,25.030616698
61000,15151.73,25.030602536
61100,15176.17,25.030588420
61200,15200.59,25.030574351
61300,15224.96,25.030560328
61400,15249.34,25.030546350
61500,15273.76,25.030532417
61600,15298.26,25.030518530
61700,15322.79,25.030504688
61800,15347.27,25.030490891
61900,15371.84,25.030477138
62000,15396.33,25.030463430
62100,15420.83,25.030449765
62200,15445.25,25.030436145
62300,15469.62,25.030422568
62400,15493.98,25.030409035
62500,15518.35,25.030395546
62600,15542.80,25.030382099
62700,15567.23,25.030368695
62800,15591.61,25.030355334
62900,15616.00,25.030342015
63000,15640.41,25.030328739
63100,15664.78,25.030315505
63200,15689.16,25.030302313
63300,15713.56,25.030289162
63400,15737.93,25.030276053
63500,15762.30,25.030262985
63600,15786.68,25.030249958
63700,15811.04,25.030236972
63800,15835.45,25.030224027
63900,15859.84,25.030211122
64000,15884.23,25.030198258
64100,15908.60,25.030185433
64200,15933.01,25.030172649
64300,15957.39,25.030159905
64400,15981.75,25.030147200
64500,16006.10,25.030134534
64600,16030.50,25.030121908
64700,16054.95,25.030109321
64800,16079.30,25.030096772
64900,16103.65,25.030084262
65000,16128.06,25.030071791
65100,16152.47,25.030059358
65200,16176.86,25.030046963
65300,16201.28,25.030034606
65400,16225.72,25.030022287
65500,16250.10,25.030010006
65600,16274.48,25.029997762
65700,16299.13,25.029985555
65800,16323.78,25.029973385
65900,16348.44,25.029961253
66000,16373.00,25.029949157
66100,16397.59,25.029937097
66200,16422.16,25.029925074
66300,16446.66,25.029913088
66400,16471.13,25.029901137
66500,16495.60,25.029889222
66600,16520.02,25.029877344
66700,16544.40,25.029865500
66800,16568.90,25.029853693
66900,16593.48,25.029841920
67000,16617.97,25.029830183
67100,16642.43,25.029818481
67200,16666.93,25.029806813
67300,16691.44,25.029795180
67400,16715.98,25.029783582
67500,16740.49,25.029772018
67600,16765.10,25.029760488
67700,16789.66,25.029748993
67800,16814.20,25.029737531
67900,16838.74,25.029726103
68000,16863.30,25.029714708
68100,16887.77,25.029703347
68200,16912.22,25.029692020
68300,16936.69,25.029680725
68400,16961.15,25.029669464
68500,16985.56,25.029658235
68600,17009.99,25.029647040
68700,17034.42,25.029635876
68800,17058.87,25.029624746
68900,17083.29,25.029613647
69000,17107.80,25.029602581
69100,17132.28,25.029591547
69200,17156.85,25.029580544
69300,17181.43,25.029569574
69400,17205.99,25.029558635
69500,17230.54,25.029547727
69600,17254.98,25.029536851
69700,17279.38,25.029526006
69800,17303.87,25.029515192
69900,17328.36,25.029504409
70000,17352.72,25.029493657
70100,17377.17,25.029482935
70200,17401.51,25.029472244
70300,17425.86,25.029461584
70400,17450.17,25.029450954
70500,17474.54,25.029440354
70600,17498.91,25.029429784
70700,17523.33,25.029419243
70800,17547.73,25.029408733
70900,17572.12,25.029398252
71000,17596.52,25.029387801
71100,17620.91,25.029377379
71200,17645.31,25.029366987
71300,17669.66,25.029356623
71400,17694.02,25.029346289
71500,17718.38,25.029335984
71600,17742.77,25.029325707
71700,17767.21,25.029315459
71800,17791.61,25.029305240
71900,17816.07,25.029295049
72000,17840.49,25.029284886
72100,17864.95,25.029274751
72200,17889.37,25.029264645
72300,17913.78,25.029254566
72400,17938.20,25.029244516
72500,17962.57,25.029234493
72600,17986.98,25.029224498
72700,18011.36,25.029214530
72800,18035.78,25.029204589
72900,18060.16,25.029194676
73000,18084.55,25.029184790
73100,18108.94,25.029174931
73200,18133.31,25.029165099
73300,18157.66,25.029155294
73400,18182.00,25.029145516
73500,18206.32,25.029135764
73600,18230.65,25.029126038
73700,18255.06,25.029116339
73800,18279.42,25.029106667
73900,18303.76,25.029097020
74000,18328.09,25.029087400
74100,18352.43,25.029077805
74200,18376.81,25.029068237
74300,18401.27,25.029058694
74400,18425.69,25.029049177
74500,18450.08,25.029039685
74600,18474.42,25.029030219
74700,18498.76,25.029020778
74800,18523.13,25.029011362
74900,18547.48,25.029001972
75000,18571.83,25.028992606
75100,18596.22,25.028983266
75200,18620.57,25.028973950
75300,18644.95,25.028964659
75400,18669.34,25.028955393
75500,18693.75,25.028946151
75600,18718.16,25.028936934
75700,18742.58,25.028927741
75800,18766.96,25.028918572
75900,18791.32,25.028909428
76000,18815.71,25.028900307
76100,18840.13,25.028891211
76200,18864.49,25.028882138
76300,18888.88,25.028873089
76400,18913.31,25.028864064
76500,18937.73,25.028855063
76600,18962.23,25.028846085
76700,18986.65,25.028837130
76800,19011.05,25.028828199
76900,19035.53,25.028819291
77000,19059.90,25.028810406
77100,19084.31,25.028801544
77200,19108.72,25.028792705
77300,19133.12,25.028783889
77400,19157.56,25.028775096
77500,19181.94,25.028766325
77600,19206.34,25.028757577
77700,19230.75,25.028748852
77800,19255.15,25.028740148
77900,19279.49,25.028731468
78000,19303.92,25.028722809
78100,19328.41,25.028714173
78200,19353.02,25.028705559
78300,19377.52,25.028696967
78400,19402.04,25.028688396
78500,19426.59,25.028679848
78600,19451.10,25.028671321
78700,19475.65,25.028662816
78800,19500.16,25.028654333
78900,19524.64,25.028645871
79000,19549.16,25.028637431
79100,19573.70,25.028629011
79200,19598.29,25.028620613
79300,19622.80,25.028612237
79400,19647.29,25.028603881
79500,19671.83,25.028595547
79600,19696.41,25.028587233
79700,19720.95,25.028578940
79800,19745.49,25.028570668
79900,19770.05,25.028562417
80000,19794.57,25.028554186
80100,19819.18,25.028545976
80200,19843.77,25.028537786
80300,19868.30,25.028529617
80400,19892.88,25.028521468
80500,19917.43,25.028513340
80600,19941.84,25.028505231
80700,19966.24,25.028497143
80800,19990.58,25.028489074
80900,20014.97,25.028481026
81000,20039.38,25.028472997
81100,20063.75,25.028464988
81200,20088.16,25.028456999
81300,20112.60,25.028449030
81400,20137.14,25.028441080
81500,20161.67,25.028433150
81600,20186.18,25.028425239
81700,20210.70,25.028417347
81800,20235.15,25.028409475
81900,20259.78,25.028401622
82000,20284.29,25.028393788
82100,20308.78,25.028385974
82200,20333.27,25.028378178
82300,20357.79,25.028370401
82400,20382.26,25.028362643
82500,20406.70,25.028354904
82600,20431.20,25.028347184
82700,20455.72,25.028339482
82800,20480.27,25.028331799
82900,20504.67,25.028324134
83000,20529.11,25.028316488
83100,20553.58,25.028308861
83200,20578.02,25.028301251
83300,20602.48,25.028293660
83400,20626.94,25.028286087
83500,20651.57,25.028278532
83600,20676.33,25.028270996
83700,20701.03,25.028263477
83800,20725.82,25.028255976
83900,20750.58,25.028248494
84000,20775.29,25.028241029
84100,20800.06,25.028233581
84200,20824.85,25.028226152
84300,20849.55,25.028218740
84400,20874.25,25.028211345
84500,20898.97,25.028203968
84600,20923.51,25.028196609
84700,20948.05,25.028189267
84800,20972.59,25.028181942
84900,20997.20,25.028174635
85000,21021.74,25.028167344
85100,21046.25,25.028160071
85200,21070.79,25.028152815
85300,21095.34,25.028145576
85400,21119.94,25.028138354
85500,21144.54,25.028131149
85600,21169.07,25.028123960
85700,21193.60,25.028116788
85800,21218.14,25.028109634
85900,21242.65,25.028102495
86000,21267.06,25.028095374
86100,21291.47,25.028088269
86200,21315.90,25.028081180
86300,21340.42,25.028074108
86400,21364.90,25.028067052
86500,21389.43,25.028060012
86600,21413.91,25.028052989
86700,21438.28,25.028045982
86800,21462.70,25.028038991
86900,21487.19,25.028032016
87000,21511.69,25.028025057
87100,21536.08,25.028018115
87200,21560.46,25.028011188
87300,21584.92,25.028004277
87400,21609.36,25.027997382
87500,21633.73,25.027990502
87600,21658.11,25.027983638
87700,21682.52,25.027976790
87800,21706.93,25.027969958
87900,21731.35,25.027963141
88000,21755.76,25.027956339
88100,21780.16,25.027949553
88200,21804.56,25.027942783
88300,21828.95,25.027936027
88400,21853.36,25.027929287
88500,21877.80,25.027922563
88600,21902.31,25.027915853
88700,21926.82,25.027909159
88800,21951.30,25.027902479
88900,21975.73,25.027895815
89000,22000.20,25.027889166
89100,22024.66,25.027882531
89200,22049.23,25.027875911
89300,22073.77,25.027869307
89400,22098.31,25.027862717
89500,22122.87,25.027856141
89600,22147.34,25.027849581
89700,22171.84,25.027843035
89800,22196.30,25.027836504
89900,22220.76,25.027829987
90000,22245.28,25.027823484
90100,22269.84,25.027816996
90200,22294.40,25.027810523
90300,22318.93,25.027804064
90400,22343.49,25.027797619
90500,22368.01,25.027791188
90600,22392.46,25.027784772
90700,22417.00,25.027778369
90800,22441.51,25.027771981
90900,22465.95,25.027765607
91000,22490.50,25.027759247
91100,22514.94,25.027752901
91200,22539.46,25.027746568
91300,22564.06,25.027740250
91400,22588.59,25.027733945
91500,22613.23,25.027727654
91600,22637.83,25.027721377
91700,22662.41,25.027715114
91800,22687.03,25.027708864
91900,22711.65,25.027702628
92000,22736.24,25.027696406
92100,22760.92,25.027690197
92200,22785.56,25.027684001
92300,22810.14,25.027677819
92400,22834.70,25.027671650
92500,22859.24,25.027665495
92600,22883.75,25.027659352
92700,22908.32,25.027653223
92800,22932.92,25.027647108
92900,22957.49,25.027641005
93000,22982.15,25.027634916
93100,23006.66,25.027628840
93200,23031.14,25.027622776
93300,23055.71,25.027616726
93400,23080.21,25.027610689
93500,23104.72,25.027604664
93600,23129.32,25.027598653
93700,23153.87,25.027592654
93800,23178.47,25.027586668
93900,23203.04,25.027580695
94000,23227.66,25.027574734
94100,23252.22,25.027568787
94200,23276.81,25.027562851
94300,23301.39,25.027556929
94400,23326.05,25.027551019
94500,23350.63,25.027545121
94600,23375.25,25.027539236
94700,23399.98,25.027533364
94800,23424.57,25.027527503
94900,23449.09,25.027521655
95000,23473.69,25.027515820
95100,23498.21,25.027509997
95200,23522.73,25.027504185
95300,23547.24,25.027498387
95400,23571.80,25.027492600
95500,23596.32,25.027486825
95600,23620.85,25.027481063
95700,23645.37,25.027475312
95800,23669.87,25.027469574
95900,23694.50,25.027463847
96000,23719.14,25.027458133
96100,23743.76,25.027452430
96200,23768.30,25.027446739
96300,23792.82,25.027441060
96400,23817.36,25.027435393
96500,23841.91,25.027429738
96600,23866.43,25.027424094
96700,23891.00,25.027418462
96800,23915.56,25.027412841
96900,23940.10,25.027407232
97000,23964.64,25.027401635
97100,23989.19,25.027396049
97200,24013.78,25.027390475
97300,24038.32,25.027384912
97400,24062.86,25.027379361
97500,24087.39,25.027373821
97600,24111.99,25.027368292
97700,24136.59,25.027362775
97800,24161.13,25.027357269
97900,24185.70,25.027351774
98000,24210.23,25.027346290
98100,24234.76,25.027340818
98200,24259.29,25.027335357
98300,24283.81,25.027329906
98400,24308.32,25.027324467
98500,24332.87,25.027319039
98600,24357.47,25.027313622
98700,24382.14,25.027308216
98800,24406.76,25.027302821
98900,24431.46,25.027297437
99000,24456.15,25.027292064
99100,24480.88,25.027286701
99200,24505.60,25.027281350
99300,24530.36,25.027276009
99400,24555.15,25.027270678
99500,24579.81,25.027265359
99600,24604.52,25.027260050
99700,24629.14,25.027254752
99800,24653.77,25.027249465
99900,24678.39,25.027244188
100000,24703.01,25.027238922
100100,24727.62,25.027233666
100200,24752.27,25.027228420
100300,24776.89,25.027223185
100400,24801.51,25.027217961
100500,24826.17,25.027212747
100600,24850.76,25.027207543
100700,24875.39,25.027202350
100800,24900.00,25.027197167
100900,24924.63,25.027191994
101000,24949.22,25.027186832
101100,24973.83,25.027181679
101200,24998.45,25.027176537
101300,25023.07,25.027171405
101400,25047.75,25.027166283
101500,25072.35,25.027161172
101600,25096.95,25.027156070
101700,25121.54,25.027150978
101800,25146.16,25.027145897
101900,25170.75,25.027140825
102000,25195.36,25.027135763
102100,25219.95,25.027130711
102200,25244.59,25.027125669
102300,25269.38,25.027120637
102400,25294.18,25.027115615
102500,25319.04,25.027110603
102600,25343.82,25.027105600
102700,25368.38,25.027100607
102800,25392.78,25.027095624
102900,25417.15,25.027090650
103000,25441.51,25.027085686
103100,25465.87,25.027080732
103200,25490.21,25.027075787
103300,25514.60,25.027070852
103400,25538.95,25.027065927
103500,25563.42,25.027061011
103600,25587.83,25.027056104
103700,25612.20,25.027051207
103800,25636.55,25.027046320
103900,25660.92,25.027041441
104000,25685.29,25.027036573
104100,25709.69,25.027031713
104200,25734.20,25.027026863
104300,25758.85,25.027022022
104400,25783.50,25.027017190
104500,25808.12,25.027012368
104600,25832.81,25.027007555
104700,25857.57,25.027002751
104800,25882.08,25.026997956
104900,25906.55,25.026993171
105000,25930.98,25.026988394
105100,25955.43,25.026983627
105200,25979.79,25.026978868
105300,26004.16,25.026974119
105400,26028.53,25.026969379
105500,26052.88,25.026964647
105600,26077.22,25.026959925
105700,26101.60,25.026955212
105800,26126.08,25.026950507
105900,26150.67,25.026945812
106000,26175.27,25.026941125
106100,26199.85,25.026936447
106200,26224.46,25.026931778
106300,26248.99,25.026927117
106400,26273.50,25.026922466
106500,26298.02,25.026917823
106600,26322.60,25.026913189
106700,26347.16,25.026908563
106800,26371.72,25.026903947
106900,26396.31,25.026899339
107000,26420.83,25.026894739
107100,26445.41,25.026890148
107200,26469.93,25.026885566
107300,26494.48,25.026880992
107400,26519.09,25.026876427
107500,26543.75,25.026871870
107600,26568.38,25.026867321
107700,26593.04,25.026862781
107800,26617.76,25.026858250
107900,26642.45,25.026853727
108000,26667.09,25.026849212
108100,26691.74,25.026844706
108200,26716.38,25.026840208
108300,26740.99,25.026835718
108400,26765.62,25.026831237
108500,26790.25,25.026826763
108600,26814.89,25.026822299
108700,26839.52,25.026817842
108800,26864.17,25.026813393
108900,26888.77,25.026808953
109000,26913.41,25.026804521
109100,26938.06,25.026800097
109200,26962.72,25.026795681
109300,26987.36,25.026791273
109400,27012.18,25.026786873
109500,27036.93,25.026782481
109600,27061.58,25.026778097
109700,27086.26,25.026773721
109800,27111.05,25.026769354
109900,27135.81,25.026764994
110000,27160.57,25.026760642
110100,27185.31,25.026756298
110200,27210.00,25.026751962
110300,27234.73,25.026747633
110400,27259.38,25.026743313
110500,27284.04,25.026739000
110600,27308.71,25.026734695
110700,27333.37,25.026730398
110800,27358.03,25.026726109
110900,27382.61,25.026721827
111000,27407.20,25.026717554
111100,27431.70,25.026713287
111200,27456.29,25.026709029
111300,27481.06,25.026704778
111400,27505.71,25.026700535
111500,27530.43,25.026696299
111600,27555.09,25.026692071
111700,27579.73,25.026687851
111800,27604.36,25.026683638
111900,27628.97,25.026679432
112000,27653.57,25.026675235
112100,27678.21,25.026671044
112200,27702.88,25.026666861
112300,27727.62,25.026662686
112400,27752.26,25.026658518
112500,27776.93,25.026654357
112600,27801.59,25.026650204
112700,27826.20,25.026646058
112800,27850.81,25.026641920
112900,27875.44,25.026637789
113000,27900.15,25.026633665
113100,27924.97,25.026629548
113200,27949.76,25.026625439
113300,27974.58,25.026621337
113400,27999.37,25.026617242
113500,28024.02,25.026613155
113600,28048.65,25.026609074
113700,28073.38,25.026605001
113800,28098.06,25.026600935
113900,28122.70,25.026596876
114000,28147.37,25.026592824
114100,28172.06,25.026588779
114200,28196.76,25.026584742
114300,28221.47,25.026580711
114400,28246.11,25.026576688
114500,28270.79,25.026572671
114600,28295.46,25.026568662
114700,28320.12,25.026564659
114800,28344.78,25.026560664
114900,28369.43,25.026556675
115000,28394.05,25.026552694
115100,28418.70,25.026548719
115200,28443.37,25.026544751
115300,28468.05,25.026540791
115400,28492.72,25.026536836
115500,28517.46,25.026532889
115600,28542.17,25.026528949
115700,28566.94,25.026525015
115800,28591.66,25.026521089
115900,28616.54,25.026517169
116000,28641.40,25.026513255
116100,28666.26,25.026509349
116200,28691.10,25.026505449
116300,28715.96,25.026501556
116400,28740.82,25.026497670
116500,28765.73,25.026493790
116600,28790.64,25.026489917
116700,28815.57,25.026486051
116800,28840.32,25.026482191
116900,28865.07,25.026478338
117000,28889.81,25.026474491
117100,28914.43,25.026470651
117200,28939.03,25.026466818
117300,28963.86,25.026462991
117400,28988.66,25.026459170
117500,29013.44,25.026455356
117600,29038.20,25.026451549
117700,29062.95,25.026447748
117800,29087.70,25.026443954
117900,29112.49,25.026440166
118000,29137.35,25.026436384
118100,29162.16,25.026432609
118200,29186.94,25.026428840
118300,29211.67,25.026425077
118400,29236.33,25.026421321
118500,29260.99,25.026417571
118600,29285.62,25.026413828
118700,29310.30,25.026410091
118800,29335.01,25.026406360
118900,29359.70,25.026402635
119000,29384.40,25.026398917
119100,29409.03,25.026395205
119200,29433.69,25.026391499
119300,29458.36,25.026387800
119400,29483.10,25.026384106
119500,29507.90,25.026380419
119600,29532.69,25.026376738
119700,29557.46,25.026373063
119800,29582.23,25.026369394
119900,29606.98,25.026365731
120000,29631.75,25.026362075
120100,29656.50,25.026358424
120200,29681.24,25.026354780
120300,29705.94,25.026351141
120400,29730.63,25.026347509
120500,29755.38,25.026343883
120600,29780.22,25.026340263
120700,29805.06,25.026336648
120800,29829.85,25.026333040
120900,29854.62,25.026329438
121000,29879.43,25.026325841
121100,29904.27,25.026322251
121200,29929.05,25.026318666
121300,29953.77,25.026315088
121400,29978.52,25.026311515
121500,30003.25,25.026307948
121600,30028.02,25.026304387
121700,30052.77,25.026300832
121800,30077.58,25.026297283
121900,30102.45,25.026293740
122000,30127.36,25.026290202
122100,30152.26,25.026286670
122200,30177.16,25.026283144
122300,30202.01,25.026279624
122400,30226.80,25.026276109
122500,30251.51,25.026272600
122600,30276.35,25.026269097
122700,30301.08,25.026265600
122800,30325.92,25.026262108
122900,30350.83,25.026258622
123000,30375.68,25.026255142
123100,30400.62,25.026251667
123200,30425.53,25.026248198
123300,30450.40,25.026244735
123400,30474.97,25.026241277
123500,30499.73,25.026237825
123600,30524.62,25.026234378
123700,30549.44,25.026230937
123800,30574.26,25.026227502
123900,30599.03,25.026224072
124000,30623.82,25.026220648
124100,30648.20,25.026217229
124200,30672.58,25.026213815
124300,30697.07,25.026210407
124400,30721.54,25.026207005
124500,30745.94,25.026203608
124600,30770.33,25.026200217
124700,30794.74,25.026196831
124800,30819.15,25.026193450
124900,30843.58,25.026190075
125000,30868.12,25.026186705
125100,30892.49,25.026183341
125200,30916.84,25.026179982
125300,30941.38,25.026176628
125400,30965.94,25.026173280
125500,30990.38,25.026169937
125600,31014.80,25.026166599
125700,31039.09,25.026163267
125800,31063.39,25.026159940
125900,31087.78,25.026156618
126000,31112.18,25.026153301
126100,31136.57,25.026149990
126200,31161.07,25.026146684
126300,31185.60,25.026143383
126400,31210.19,25.026140088
126500,31234.90,25.026136797
126600,31259.48,25.026133512
126700,31284.14,25.026130232
126800,31308.62,25.026126958
126900,31333.19,25.026123688
127000,31357.86,25.026120424
127100,31382.51,25.026117164
127200,31407.12,25.026113910
127300,31431.71,25.026110661
127400,31456.16,25.026107417
127500,31480.62,25.026104178
127600,31504.99,25.026100944
127700,31529.33,25.026097716
127800,31553.68,25.026094492
127900,31577.89,25.026091273
128000,31602.28,25.026088060
128100,31626.68,25.026084851
128200,31651.13,25.026081647
128300,31675.56,25.026078449
128400,31700.03,25.026075255
128500,31724.65,25.026072066
128600,31749.32,25.026068883
128700,31774.05,25.026065704
128800,31798.79,25.026062530
128900,31823.29,25.026059361
129000,31847.79,25.026056197
129100,31872.29,25.026053038
129200,31896.80,25.026049884
129300,31921.32,25.026046735
129400,31946.00,25.026043590
129500,31970.82,25.026040451
129600,31995.70,25.026037316
129700,32020.49,25.026034186
129800,32045.29,25.026031061
129900,32070.15,25.026027941
130000,32094.95,25.026024825
130100,32119.74,25.026021715
130200,32144.46,25.026018609
130300,32169.18,25.026015508
130400,32193.95,25.026012411
130500,32218.76,25.026009319
130600,32243.52,25.026006233
130700,32268.24,25.026003150
130800,32293.08,25.026000073
130900,32317.84,25.025997000
131000,32342.67,25.025993932
131100,32367.46,25.025990869
131200,32392.31,25.025987810
131300,32417.23,25.025984756
131400,32442.07,25.025981707
131500,32466.86,25.025978662
131600,32491.65,25.025975622
131700,32516.45,25.025972586
131800,32541.25,25.025969555
131900,32566.08,25.025966529
132000,32590.91,25.025963507
132100,32615.74,25.025960490
132200,32640.55,25.025957477
132300,32665.39,25.025954469
132400,32690.21,25.025951466
132500,32715.03,25.025948467
132600,32739.83,25.025945472
132700,32764.63,25.025942482
132800,32789.40,25.025939497
132900,32814.22,25.025936516
133000,32839.05,25.025933540
133100,32863.82,25.025930568
133200,32888.61,25.025927600
133300,32913.36,25.025924637
133400,32938.16,25.025921678
133500,32962.92,25.025918724
133600,32987.75,25.025915774
133700,33012.53,25.025912829
133800,33037.37,25.025909888
133900,33062.19,25.025906952
134000,33087.08,25.025904019
134100,33111.86,25.025901092
134200,33136.69,25.025898168
134300,33161.59,25.025895249
134400,33186.55,25.025892334
134500,33211.45,25.025889424
134600,33236.29,25.025886518
134700,33261.07,25.025883616
134800,33285.89,25.025880718
134900,33310.73,25.025877825
135000,33335.60,25.025874936
135100,33360.41,25.025872052
135200,33385.21,25.025869171
135300,33410.08,25.025866295
135400,33434.85,25.025863424
135500,33459.63,25.025860556
135600,33484.35,25.025857693
135700,33509.12,25.025854833
135800,33533.86,25.025851978
135900,33558.52,25.025849128
136000,33583.12,25.025846281
136100,33607.87,25.025843439
136200,33632.59,25.025840601
136300,33657.32,25.025837767
136400,33682.01,25.025834937
136500,33706.67,25.025832111
136600,33731.37,25.025829289
136700,33756.00,25.025826472
136800,33780.63,25.025823659
136900,33805.31,25.025820849
137000,33830.08,25.025818044
137100,33854.77,25.025815243
137200,33879.44,25.025812446
137300,33904.21,25.025809653
137400,33928.88,25.025806865
137500,33953.53,25.025804080
137600,33978.17,25.025801299
137700,34002.82,25.025798522
137800,34027.46,25.025795750
137900,34052.12,25.025792981
138000,34076.78,25.025790217
138100,34101.50,25.025787456
138200,34126.14,25.025784699
138300,34150.75,25.025781947
138400,34175.36,25.025779198
138500,34199.98,25.025776453
138600,34224.60,25.025773713
138700,34249.25,25.025770976
138800,34273.89,25.025768243
138900,34298.56,25.025765514
139000,34323.28,25.025762789
139100,34347.97,25.025760068
139200,34372.63,25.025757351
139300,34397.46,25.025754638
139400,34422.20,25.025751929
139500,34446.97,25.025749223
139600,34471.73,25.025746522
139700,34496.49,25.025743824
139800,34521.29,25.025741130
139900,34546.05,25.025738440
140000,34570.85,25.025735754
140100,34595.65,25.025733072
140200,34620.40,25.025730393
140300,34645.18,25.025727718
140400,34670.00,25.025725048
140500,34694.77,25.025722380
140600,34719.52,25.025719717
140700,34744.28,25.025717058
140800,34769.03,25.025714402
140900,34793.79,25.025711750
141000,34818.58,25.025709102
141100,34843.34,25.025706457
141200,34868.10,25.025703817
141300,34892.78,25.025701180
141400,34917.55,25.025698547
141500,34942.35,25.025695917
141600,34967.19,25.025693291
141700,34991.97,25.025690669
141800,35016.77,25.025688051
141900,35041.55,25.025685436
142000,35066.43,25.025682825
142100,35091.28,25.025680218
142200,35116.08,25.025677614
142300,35140.85,25.025675014
142400,35165.63,25.025672418
142500,35190.44,25.025669825
142600,35215.24,25.025667236
142700,35240.00,25.025664651
142800,35264.76,25.025662069
142900,35289.50,25.025659491
143000,35314.24,25.025656916
143100,35338.97,25.025654345
143200,35363.71,25.025651778
143300,35388.49,25.025649214
143400,35413.28,25.025646654
143500,35438.07,25.025644097
143600,35462.84,25.025641544
143700,35487.63,25.025638994
143800,35512.43,25.025636448
143900,35537.09,25.025633906
144000,35561.67,25.025631367
144100,35586.31,25.025628831
144200,35610.88,25.025626300
144300,35635.50,25.025623771
144400,35660.10,25.025621246
144500,35684.72,25.025618725
144600,35709.33,25.025616207
144700,35734.04,25.025613693
144800,35758.69,25.025611182
144900,35783.30,25.025608674
145000,35807.94,25.025606170
145100,35832.61,25.025603669
145200,35857.24,25.025601172
145300,35881.88,25.025598679
145400,35906.53,25.025596188
145500,35931.20,25.025593701
145600,35955.85,25.025591218
145700,35980.54,25.025588738
145800,36005.32,25.025586261
145900,36030.24,25.025583788
146000,36055.21,25.025581318
146100,36080.04,25.025578852
146200,36104.89,25.025576389
146300,36129.77,25.025573929
146400,36154.67,25.025571473
146500,36179.58,25.025569020
146600,36204.45,25.025566570
146700,36229.28,25.025564124
146800,36254.13,25.025561681
146900,36278.98,25.025559241
147000,36303.85,25.025556805
147100,36328.76,25.025554372
147200,36353.63,25.025551942
147300,36378.44,25.025549516
147400,36403.27,25.025547092
147500,36428.12,25.025544673
147600,36452.99,25.025542256
147700,36477.90,25.025539843
147800,36502.82,25.025537433
147900,36527.62,25.025535026
148000,36552.54,25.025532622
148100,36577.41,25.025530222
148200,36602.27,25.025527825
148300,36627.12,25.025525431
148400,36651.99,25.025523041
148500,36676.90,25.025520653
148600,36701.70,25.025518269
148700,36726.53,25.025515888
148800,36751.38,25.025513511
148900,36776.25,25.025511136
149000,36801.09,25.025508765
149100,36825.94,25.025506397
149200,36850.77,25.025504032
149300,36875.61,25.025501670
149400,36900.46,25.025499311
149500,36925.23,25.025496956
149600,36950.01,25.025494603
149700,36974.84,25.025492254
149800,36999.71,25.025489908
149900,37024.50,25.025487565
150000,37049.30,25.025485225
150100,37074.15,25.025482888
150200,37098.92,25.025480555
150300,37123.67,25.025478224
150400,37148.52,25.025475897
150500,37173.34,25.025473573
150600,37198.20,25.025471251
150700,37223.07,25.025468933
150800,37247.91,25.025466618
150900,37272.81,25.025464306
151000,37297.70,25.025461997
151100,37322.57,25.025459691
151200,37347.42,25.025457389
151300,37372.23,25.025455089
151400,37397.07,25.025452792
151500,37421.90,25.025450498
151600,37446.76,25.025448208
151700,37471.56,25.025445920
151800,37496.36,25.025443635
151900,37521.16,25.025441354
152000,37545.99,25.025439075
152100,37570.81,25.025436799
152200,37595.61,25.025434527
152300,37620.42,25.025432257
152400,37645.24,25.025429990
152500,37670.10,25.025427727
152600,37695.01,25.025425466
152700,37719.88,25.025423208
152800,37744.75,25.025420953
152900,37769.54,25.025418701
153000,37794.32,25.025416452
153100,37819.10,25.025414206
153200,37843.89,25.025411963
153300,37868.67,25.025409723
153400,37893.45,25.025407486
153500,37918.25,25.025405252
153600,37943.05,25.025403020
153700,37967.86,25.025400792
153800,37992.62,25.025398566
153900,38017.39,25.025396343
154000,38042.23,25.025394124
154100,38066.98,25.025391907
154200,38091.80,25.025389693
154300,38116.61,25.025387481
154400,38141.37,25.025385273
154500,38166.11,25.025383068
154600,38190.88,25.025380865
154700,38215.59,25.025378665
154800,38240.34,25.025376468
154900,38265.11,25.025374274
155000,38289.90,25.025372083
155100,38314.64,25.025369895
155200,38339.41,25.025367709
155300,38364.24,25.025365526
155400,38389.06,25.025363346
155500,38413.56,25.025361169
155600,38438.02,25.025358995
155700,38462.53,25.025356823
155800,38487.31,25.025354654
155900,38512.04,25.025352488
156000,38536.74,25.025350325
156100,38561.42,25.025348164
156200,38586.12,25.025346007
156300,38610.83,25.025343852
156400,38635.54,25.025341700
156500,38660.24,25.025339550
156600,38684.96,25.025337403
156700,38709.73,25.025335259
156800,38734.47,25.025333118
156900,38759.22,25.025330980
157000,38784.01,25.025328844
157100,38808.84,25.025326711
157200,38833.68,25.025324581
157300,38858.40,25.025322453
157400,38883.12,25.025320328
157500,38907.94,25.025318206
157600,38932.77,25.025316086
157700,38957.58,25.025313969
157800,38982.35,25.025311855
157900,39007.08,25.025309744
158000,39031.83,25.025307635
158100,39056.50,25.025305529
158200,39081.15,25.025303425
158300,39105.98,25.025301324
158400,39130.68,25.025299226
158500,39155.41,25.025297131
158600,39179.92,25.025295038
158700,39204.44,25.025292948
158800,39229.29,25.025290860
158900,39253.84,25.025288775
159000,39278.29,25.025286693
159100,39302.88,25.025284613
159200,39327.45,25.025282536
159300,39352.01,25.025280461
159400,39376.70,25.025278389
159500,39401.28,25.025276320
159600,39425.81,25.025274253
159700,39450.37,25.025272189
159800,39474.82,25.025270128
159900,39499.35,25.025268069
160000,39523.91,25.025266012
160100,39548.42,25.025263958
160200,39572.84,25.025261907
160300,39597.38,25.025259858
160400,39621.89,25.025257812
160500,39646.38,25.025255769
160600,39670.82,25.025253728
160700,39695.36,25.025251689
160800,39719.94,25.025249653
160900,39744.54,25.025247620
161000,39769.13,25.025245589
161100,39793.73,25.025243560
161200,39818.33,25.025241534
161300,39842.96,25.025239511
161400,39867.52,25.025237490
161500,39892.06,25.025235472
161600,39916.70,25.025233456
161700,39941.26,25.025231442
161800,39965.82,25.025229432
161900,39990.33,25.025227423
162000,40014.91,25.025225417
162100,40039.40,25.025223414
162200,40063.96,25.025221413
162300,40088.76,25.025219414
162400,40113.39,25.025217418
162500,40138.10,25.025215425
162600,40162.92,25.025213433
162700,40187.77,25.025211445
162800,40212.66,25.025209458
162900,40237.48,25.025207475
163000,40262.33,25.025205493
163100,40287.27,25.025203514
163200,40312.20,25.025201538
163300,40336.88,25.025199564
163400,40361.47,25.025197592
163500,40386.06,25.025195623
163600,40410.76,25.025193656
163700,40435.38,25.025191691
163800,40459.99,25.025189729
163900,40484.55,25.025187770
164000,40509.11,25.025185812
164100,40533.73,25.025183857
164200,40558.32,25.025181905
164300,40582.97,25.025179955
164400,40607.56,25.025178007
164500,40632.34,25.025176062
164600,40657.11,25.025174119
164700,40681.83,25.025172178
164800,40706.54,25.025170240
164900,40731.19,25.025168304
165000,40755.88,25.025166370
165100,40780.59,25.025164439
165200,40805.37,25.025162510
165300,40830.12,25.025160583
165400,40854.81,25.025158659
165500,40879.63,25.025156737
165600,40904.39,25.025154817
165700,40929.15,25.025152900
165800,40953.93,25.025150985
165900,40978.70,25.025149072
166000,41003.49,25.025147162
166100,41028.27,25.025145254
166200,41053.12,25.025143348
166300,41077.91,25.025141444
166400,41102.63,25.025139543
166500,41127.48,25.025137644
166600,41152.19,25.025135748
166700,41176.72,25.025133853
166800,41201.41,25.025131961
166900,41226.08,25.025130071
167000,41250.82,25.025128184
167100,41275.54,25.025126298
167200,41300.13,25.025124415
167300,41324.74,25.025122534
167400,41349.33,25.025120656
167500,41373.95,25.025118780
167600,41398.61,25.025116905
167700,41423.32,25.025115034
167800,41448.13,25.025113164
167900,41472.93,25.025111297
168000,41497.67,25.025109431
168100,41522.46,25.025107569
168200,41547.31,25.025105708
168300,41572.02,25.025103849
168400,41596.78,25.025101993
168500,41621.53,25.025100139
168600,41646.26,25.025098287
168700,41670.90,25.025096437
168800,41695.57,25.025094590
168900,41720.29,25.025092744
169000,41744.95,25.025090901
169100,41769.49,25.025089060
169200,41794.07,25.025087221
169300,41818.63,25.025085385
169400,41843.12,25.025083550
169500,41867.64,25.025081718
169600,41892.22,25.025079888
169700,41916.86,25.025078060
169800,41941.53,25.025076234
169900,41966.19,25.025074410
170000,41990.72,25.025072589
170100,42015.21,25.025070770
170200,42039.77,25.025068952
170300,42064.26,25.025067137
170400,42088.79,25.025065324
170500,42113.33,25.025063513
170600,42137.85,25.025061705
170700,42162.37,25.025059898
170800,42186.85,25.025058093
170900,42211.32,25.025056291
171000,42235.81,25.025054491
171100,42260.39,25.025052693
171200,42284.95,25.025050897
171300,42309.52,25.025049103
171400,42334.00,25.025047311
171500,42358.47,25.025045521
171600,42382.94,25.025043733
171700,42407.41,25.025041948
171800,42431.97,25.025040164
171900,42456.51,25.025038383
172000,42481.05,25.025036603
172100,42505.63,25.025034826
172200,42530.26,25.025033051
172300,42554.89,25.025031277
172400,42579.38,25.025029506
172500,42603.96,25.025027737
172600,42628.51,25.025025970
172700,42653.19,25.025024205
172800,42677.79,25.025022442
172900,42702.44,25.025020681
173000,42727.02,25.025018922
173100,42751.63,25.025017165
173200,42776.20,25.025015411
173300,42800.77,25.025013658
173400,42825.37,25.025011907
173500,42849.98,25.025010158
173600,42874.57,25.025008412
173700,42899.18,25.025006667
173800,42923.74,25.025004924
173900,42948.48,25.025003183
174000,42973.23,25.025001445
174100,42998.04,25.024999708
174200,43022.81,25.024997973
174300,43047.50,25.024996241
174400,43072.17,25.024994510
174500,43096.86,25.024992781
174600,43121.54,25.024991054
174700,43146.17,25.024989329
174800,43170.83,25.024987607
174900,43195.58,25.024985886
175000,43220.27,25.024984167
175100,43244.79,25.024982450
175200,43269.42,25.024980735
175300,43293.99,25.024979022
175400,43318.73,25.024977311
175500,43343.42,25.024975602
175600,43367.97,25.024973895
175700,43392.55,25.024972189
175800,43417.12,25.024970486
175900,43441.68,25.024968785
176000,43466.21,25.024967085
176100,43490.69,25.024965388
176200,43515.21,25.024963692
176300,43539.73,25.024961999
176400,43564.23,25.024960307
176500,43588.73,25.024958617
176600,43613.24,25.024956929
176700,43637.72,25.024955243
176800,43662.17,25.024953559
176900,43686.71,25.024951877
177000,43711.21,25.024950197
177100,43735.61,25.024948518
177200,43760.05,25.024946842
177300,43784.44,25.024945167
177400,43808.82,25.024943495
177500,43833.14,25.024941824
177600,43857.49,25.024940155
177700,43881.86,25.024938488
177800,43906.21,25.024936823
177900,43930.57,25.024935159
178000,43954.90,25.024933498
178100,43979.27,25.024931838
178200,44003.61,25.024930181
178300,44028.02,25.024928525
178400,44052.46,25.024926871
178500,44076.87,25.024925219
178600,44101.35,25.024923568
178700,44125.79,25.024921920
178800,44150.37,25.024920273
178900,44175.06,25.024918629
179000,44199.67,25.024916986
179100,44224.29,25.024915345
179200,44248.91,25.024913705
179300,44273.53,25.024912068
179400,44298.18,25.024910432
179500,44322.80,25.024908799
179600,44347.39,25.024907167
179700,44372.02,25.024905537
179800,44396.66,25.024903908
179900,44421.29,25.024902282
180000,44445.91,25.024900657
180100,44470.57,25.024899034
180200,44495.22,25.024897413
180300,44519.88,25.024895794
180400,44544.51,25.024894176
180500,44569.07,25.024892560
180600,44593.53,25.024890947
180700,44618.00,25.024889334
180800,44642.46,25.024887724
180900,44666.94,25.024886115
181000,44691.39,25.024884509
181100,44716.02,25.024882904
181200,44740.67,25.024881300
181300,44765.27,25.024879699
181400,44789.71,25.024878099
181500,44814.14,25.024876501
181600,44838.59,25.024874905
181700,44863.00,25.024873311
181800,44887.41,25.024871718
181900,44911.85,25.024870127
182000,44936.27,25.024868538
182100,44960.71,25.024866950
182200,44985.14,25.024865365
182300,45009.57,25.024863781
182400,45034.02,25.024862199
182500,45058.50,25.024860618
182600,45082.96,25.024859039
182700,45107.43,25.024857462
182800,45131.90,25.024855887
182900,45156.37,25.024854313
183000,45180.83,25.024852742
183100,45205.27,25.024851171
183200,45229.74,25.024849603
183300,45254.19,25.024848036
183400,45278.65,25.024846471
183500,45303.11,25.024844908
183600,45327.57,25.024843346
183700,45352.05,25.024841786
183800,45376.50,25.024840228
183900,45400.95,25.024838672
184000,45425.51,25.024837117
184100,45449.95,25.024835564
184200,45474.38,25.024834012
184300,45498.84,25.024832463
184400,45523.30,25.024830915
184500,45547.76,25.024829368
184600,45572.18,25.024827823
184700,45596.75,25.024826280
184800,45621.39,25.024824739
184900,45646.02,25.024823199
185000,45670.51,25.024821661
185100,45694.98,25.024820125
185200,45719.42,25.024818590
185300,45743.84,25.024817057
185400,45768.27,25.024815526
185500,45792.71,25.024813996
185600,45817.16,25.024812468
185700,45841.61,25.024810941
185800,45866.06,25.024809416
185900,45890.51,25.024807893
186000,45915.08,25.024806372
186100,45939.55,25.024804852
186200,45964.03,25.024803334
186300,45988.55,25.024801817
186400,46013.17,25.024800302
186500,46037.96,25.024798788
186600,46062.55,25.024797277
186700,46087.16,25.024795767
186800,46111.76,25.024794258
186900,46136.37,25.024792751
187000,46160.95,25.024791246
187100,46185.53,25.024789742
187200,46210.13,25.024788240
187300,46234.67,25.024786739
187400,46259.22,25.024785241
187500,46283.77,25.024783743
187600,46308.26,25.024782248
187700,46332.78,25.024780753
187800,46357.21,25.024779261
187900,46381.55,25.024777770
188000,46405.93,25.024776281
188100,46430.39,25.024774793
188200,46454.84,25.024773307
188300,46479.40,25.024771822
188400,46503.87,25.024770339
188500,46528.33,25.024768858
188600,46552.78,25.024767378
188700,46577.11,25.024765899
188800,46601.39,25.024764423
188900,46625.71,25.024762948
189000,46650.00,25.024761474
189100,46674.27,25.024760002
189200,46698.59,25.024758531
189300,46722.91,25.024757062
189400,46747.21,25.024755595
189500,46771.55,25.024754129
189600,46795.85,25.024752665
189700,46820.17,25.024751202
189800,46844.48,25.024749741
189900,46868.80,25.024748281
190000,46893.13,25.024746823
190100,46917.44,25.024745366
190200,46941.75,25.024743911
190300,46966.08,25.024742458
190400,46990.38,25.024741006
190500,47014.66,25.024739555
190600,47038.91,25.024738106
190700,47063.11,25.024736659
190800,47087.25,25.024735213
190900,47111.53,25.024733769
191000,47135.67,25.024732326
191100,47159.92,25.024730884
191200,47184.17,25.024729444
191300,47208.29,25.024728006
191400,47232.41,25.024726569
191500,47256.72,25.024725134
191600,47281.11,25.024723700
191700,47305.53,25.024722267
191800,47329.88,25.024720837
191900,47354.22,25.024719407
192000,47378.64,25.024717979
192100,47403.15,25.024716553
192200,47427.74,25.024715128
192300,47452.23,25.024713704
192400,47476.74,25.024712282
192500,47501.28,25.024710862
192600,47525.78,25.024709443
192700,47550.28,25.024708025
192800,47574.74,25.024706609
192900,47599.23,25.024705195
193000,47623.74,25.024703781
193100,47648.26,25.024702370
193200,47672.77,25.024700960
193300,47697.29,25.024699551
193400,47721.81,25.024698143
193500,47746.20,25.024696738
193600,47770.52,25.024695333
193700,47794.86,25.024693930
193800,47819.23,25.024692529
193900,47843.74,25.024691129
194000,47868.24,25.024689730
194100,47892.74,25.024688333
194200,47917.32,25.024686937
194300,47941.86,25.024685543
194400,47966.35,25.024684150
194500,47990.79,25.024682759
194600,48015.26,25.024681369
194700,48039.69,25.024679980
194800,48064.20,25.024678593
194900,48088.75,25.024677207
195000,48113.32,25.024675823
195100,48137.70,25.024674440
195200,48162.20,25.024673058
195300,48186.71,25.024671678
195400,48211.29,25.024670300
195500,48235.74,25.024668922
195600,48260.18,25.024667547
195700,48284.64,25.024666172
195800,48309.05,25.024664799
195900,48333.42,25.024663428
196000,48357.83,25.024662057
196100,48382.19,25.024660689
196200,48406.56,25.024659321
196300,48430.88,25.024657955
196400,48455.22,25.024656591
196500,48479.60,25.024655227
196600,48503.94,25.024653865
196700,48528.31,25.024652505
196800,48552.62,25.024651146
196900,48577.02,25.024649788
197000,48601.40,25.024648432
197100,48625.74,25.024647077
197200,48650.12,25.024645723
197300,48674.51,25.024644371
197400,48698.86,25.024643020
197500,48723.20,25.024641671
197600,48747.53,25.024640323
197700,48771.85,25.024638976
197800,48796.22,25.024637631
197900,48820.63,25.024636286
198000,48845.00,25.024634944
198100,48869.31,25.024633603
198200,48893.68,25.024632263
198300,48917.99,25.024630924
198400,48942.34,25.024629587
198500,48966.72,25.024628251
198600,48991.09,25.024626916
198700,49015.43,25.024625583
198800,49039.78,25.024624251
198900,49064.12,25.024622921
199000,49088.48,25.024621591
199100,49112.80,25.024620264
199200,49137.16,25.024618937
199300,49161.53,25.024617612
199400,49185.87,25.024616288
199500,49210.24,25.024614965
199600,49234.56,25.024613644
199700,49258.90,25.024612324
199800,49283.21,25.024611006
199900,49307.62,25.024609688
200000,49331.96,25.024608372
200100,49356.37,25.024607058
200200,49380.92,25.024605745
200300,49405.39,25.024604433
200400,49429.95,25.024603122
200500,49454.47,25.024601812
200600,49478.92,25.024600504
200700,49503.43,25.024599198
200800,49527.85,25.024597892
200900,49552.34,25.024596588
201000,49576.84,25.024595285
201100,49601.32,25.024593984
201200,49625.79,25.024592683
201300,49650.34,25.024591384
201400,49674.94,25.024590087
201500,49699.38,25.024588790
201600,49723.89,25.024587495
201700,49748.47,25.024586201
201800,49773.06,25.024584909
201900,49797.63,25.024583617
202000,49822.16,25.024582327
202100,49846.68,25.024581039
202200,49871.21,25.024579751
202300,49895.77,25.024578465
202400,49920.36,25.024577180
202500,49944.91,25.024575896
202600,49969.50,25.024574614
202700,49994.00,25.024573333
202800,50018.53,25.024572053
202900,50043.08,25.024570774
203000,50067.60,25.024569497
203100,50092.11,25.024568221
203200,50116.60,25.024566946
203300,50141.10,25.024565673
203400,50165.62,25.024564400
203500,50190.19,25.024563129
203600,50214.75,25.024561860
203700,50239.31,25.024560591
203800,50263.84,25.024559324
203900,50288.38,25.024558058
204000,50312.96,25.024556793
204100,50337.51,25.024555529
204200,50362.05,25.024554267
204300,50386.56,25.024553006
204400,50411.34,25.024551746
204500,50436.18,25.024550487
204600,50461.00,25.024549230
204700,50485.79,25.024547974
204800,50510.60,25.024546719
204900,50535.37,25.024545465
205000,50560.20,25.024544212
205100,50585.04,25.024542961
205200,50609.87,25.024541711
205300,50634.64,25.024540462
205400,50659.45,25.024539215
205500,50684.32,25.024537968
205600,50709.18,25.024536723
205700,50734.05,25.024535479
205800,50758.79,25.024534236
205900,50783.66,25.024532995
206000,50808.51,25.024531754
206100,50833.32,25.024530515
206200,50857.99,25.024529277
206300,50882.68,25.024528040
206400,50907.42,25.024526805
206500,50932.24,25.024525570
206600,50957.02,25.024524337
206700,50981.82,25.024523105
206800,51006.51,25.024521874
206900,51031.22,25.024520645
207000,51055.91,25.024519416
207100,51080.69,25.024518189
207200,51105.47,25.024516963
207300,51130.28,25.024515738
207400,51155.07,25.024514514
207500,51179.91,25.024513292
207600,51204.71,25.024512071
207700,51229.49,25.024510850
207800,51254.29,25.024509631
207900,51279.02,25.024508414
208000,51303.73,25.024507197
208100,51328.50,25.024505982
208200,51353.38,25.024504767
208300,51378.16,25.024503554
208400,51402.85,25.024502342
208500,51427.59,25.024501131
208600,51452.40,25.024499922
208700,51477.18,25.024498713
208800,51501.87,25.024497506
208900,51526.57,25.024496300
209000,51551.26,25.024495095
209100,51575.95,25.024493891
209200,51600.68,25.024492688
209300,51625.43,25.024491487
209400,51650.15,25.024490286
209500,51674.83,25.024489087
209600,51699.54,25.024487889
209700,51724.30,25.024486692
209800,51749.05,25.024485496
209900,51773.82,25.024484301
210000,51798.59,25.024483108
210100,51823.42,25.024481915
210200,51848.19,25.024480724
210300,51872.88,25.024479534
210400,51897.60,25.024478345
210500,51922.32,25.024477157
210600,51947.04,25.024475970
210700,51971.82,25.024474784
210800,51996.55,25.024473600
210900,52021.32,25.024472416
211000,52046.08,25.024471234
211100,52070.83,25.024470053
211200,52095.57,25.024468873
211300,52120.34,25.024467694
211400,52145.05,25.024466516
211500,52169.82,25.024465340
211600,52194.57,25.024464164
211700,52219.35,25.024462989
211800,52244.18,25.024461816
211900,52268.99,25.024460644
212000,52293.73,25.024459473
212100,52318.51,25.024458303
212200,52343.25,25.024457134
212300,52368.04,25.024455966
212400,52392.75,25.024454799
212500,52417.49,25.024453633
212600,52442.22,25.024452469
212700,52466.94,25.024451305
212800,52491.54,25.024450143
212900,52516.10,25.024448982
213000,52540.40,25.024447822
213100,52564.74,25.024446663
213200,52589.06,25.024445505
213300,52613.42,25.024444348
213400,52637.56,25.024443192
213500,52661.74,25.024442037
213600,52685.90,25.024440883
213700,52710.04,25.024439731
213800,52734.25,25.024438579
213900,52758.38,25.024437429
214000,52782.54,25.024436280
214100,52806.75,25.024435131
214200,52830.88,25.024433984
214300,52855.02,25.024432838
214400,52879.14,25.024431693
214500,52903.29,25.024430549
214600,52927.42,25.024429406
214700,52951.63,25.024428264
214800,52975.90,25.024427123
214900,53000.21,25.024425984
215000,53024.46,25.024424845
215100,53048.72,25.024423707
215200,53072.98,25.024422571
215300,53097.25,25.024421435
215400,53121.49,25.024420301
215500,53145.73,25.024419167
215600,53169.98,25.024418035
215700,53194.24,25.024416904
215800,53218.54,25.024415773
215900,53242.78,25.024414644
216000,53267.06,25.024413516
216100,53291.30,25.024412389
216200,53315.57,25.024411263
216300,53339.82,25.024410138
216400,53364.08,25.024409014
216500,53388.35,25.024407891
216600,53412.63,25.024406769
216700,53436.87,25.024405648
216800,53461.16,25.024404528
216900,53485.49,25.024403409
217000,53509.76,25.024402291
217100,53534.02,25.024401175
217200,53558.30,25.024400059
217300,53582.57,25.024398944
217400,53606.81,25.024397831
217500,53631.07,25.024396718
217600,53655.36,25.024395606
217700,53679.66,25.024394496
217800,53703.98,25.024393386
217900,53728.26,25.024392278
218000,53752.58,25.024391170
218100,53776.90,25.024390063
218200,53801.38,25.024388958
218300,53825.85,25.024387853
218400,53850.23,25.024386750
218500,53874.54,25.024385647
218600,53898.85,25.024384546
218700,53923.14,25.024383445
218800,53947.57,25.024382346
218900,53972.12,25.024381248
219000,53996.65,25.024380150
219100,54021.24,25.024379054
219200,54045.65,25.024377958
219300,54070.06,25.024376864
219400,54094.43,25.024375770
219500,54118.87,25.024374678
219600,54142.66,25.024373586
219700,54166.87,25.024372496
219800,54191.30,25.024371406
219900,54215.76,25.024370318
220000,54240.16,25.024369230
220100,54264.63,25.024368144
220200,54288.92,25.024367058
220300,54313.08,25.024365974
220400,54336.93,25.024364890
220500,54360.27,25.024363808
220600,54383.44,25.024362726
220700,54406.60,25.024361645
220800,54429.73,25.024360566
220900,54453.11,25.024359487
221000,54476.40,25.024358409
221100,54499.81,25.024357333
221200,54523.05,25.024356257
221300,54546.35,25.024355182
221400,54569.66,25.024354108
221500,54592.95,25.024353036
221600,54616.28,25.024351964
221700,54639.52,25.024350893
221800,54662.85,25.024349823
221900,54686.15,25.024348754
222000,54709.62,25.024347686
222100,54732.91,25.024346619
222200,54756.22,25.024345553
222300,54779.56,25.024344488
222400,54802.84,25.024343424
222500,54826.21,25.024342360
222600,54849.52,25.024341298
222700,54872.86,25.024340237
222800,54896.15,25.024339177
222900,54919.59,25.024338117
223000,54942.83,25.024337059
223100,54966.17,25.024336001
223200,54989.64,25.024334945
223300,55013.01,25.024333889
223400,55036.34,25.024332834
223500,55059.65,25.024331781
223600,55082.99,25.024330728
223700,55106.35,25.024329676
223800,55129.68,25.024328625
223900,55152.99,25.024327575
224000,55176.35,25.024326526
224100,55199.85,25.024325478
224200,55223.23,25.024324431
224300,55246.74,25.024323385
224400,55270.15,25.024322340
224500,55293.50,25.024321295
224600,55316.89,25.024320252
224700,55340.20,25.024319210
224800,55363.54,25.024318168
224900,55386.84,25.024317127
225000,55410.35,25.024316088
225100,55433.66,25.024315049
225200,55457.11,25.024314011
225300,55480.46,25.024312974
225400,55503.83,25.024311938
225500,55527.22,25.024310903
225600,55550.59,25.024309869
225700,55573.90,25.024308836
225800,55597.32,25.024307803
225900,55620.69,25.024306772
226000,55643.98,25.024305741
226100,55667.43,25.024304712
226200,55690.79,25.024303683
226300,55714.22,25.024302655
226400,55737.58,25.024301628
226500,55761.00,25.024300602
226600,55784.47,25.024299577
226700,55807.86,25.024298553
226800,55831.27,25.024297530
226900,55854.63,25.024296507
227000,55878.13,25.024295486
227100,55901.58,25.024294465
227200,55924.98,25.024293446
227300,55948.51,25.024292427
227400,55971.88,25.024291409
227500,55995.15,25.024290392
227600,56018.46,25.024289376
227700,56041.78,25.024288361
227800,56065.19,25.024287347
227900,56088.57,25.024286333
228000,56111.94,25.024285321
228100,56135.32,25.024284309
228200,56158.86,25.024283298
228300,56182.24,25.024282289
228400,56205.56,25.024281280
228500,56228.87,25.024280272
228600,56252.21,25.024279264
228700,56275.53,25.024278258
228800,56298.90,25.024277253
228900,56322.25,25.024276248
229000,56345.61,25.024275244
229100,56369.07,25.024274241
229200,56392.50,25.024273240
229300,56415.94,25.024272239
229400,56439.42,25.024271238
